Description,Accuracy,Precision,Recal,F1-Score,AUC,TN,TP,FN,FP,Experiment config,Model config
BRF1 - On training,0.6731310979799368,0.11321605072576384,0.9964437149500752,0.20332975145484738,0.9918324800029696,330828,21855,78,171183,configuration_93,model_1
BRF2 - On training,0.9955180175693711,0.9999799007095049,0.9910559550606561,0.9954979290473617,0.9993686960855953,50200,49752,449,1,configuration_91,model_2
