Description,Accuracy,Precision,Recal,F1-Score,AUC,TN,TP,FN,FP,Experiment config,Model config
TRAIN,0.6725859440424299,0.11221570683339159,0.9963222618089874,0.2017125439188403,0.9922794976496896,264569,17338,64,137168,configuration_93,model_312
TEST,0.6359215895656154,0.08077335127189376,0.7151996470328701,0.14515334676516678,0.7421429867861358,63456,3242,1291,36895,configuration_93,model_312
