Description,Accuracy,Precision,Recal,F1-Score,AUC,TN,TP,FN,FP,Experiment config,Model config
TRAIN,0.672614574162748,0.11222442295493676,0.9963222618089874,0.20172662540140546,0.9922942839601916,264581,17338,64,137156,configuration_93,model_1
TEST,0.6364078410434385,0.08135652347254062,0.7202735495257004,0.14619948505541253,0.7436412410396711,63484,3265,1268,36867,configuration_93,model_1
